Words,Frequency
foodieincarnate,9
Reelitfeelit,4
reelkarofeelkaro,5
reelsinstagram,4
reels,6
ghewar,1
pizza,1
pizzalover,1
dessert,3
viralfood,4
explore,4
sodelhi,6
newdelhi,5
foodtalkindia,15
delhigram,5
indianfood,5
delhifoodblogger,5
foodgasm,15
foodporn,5
foodpornshare,4
foodlover,5
foodgram,14
foodiesofinstagram,6
foodie,15
indianstreetfood,6
streetfood,6
delhistreetfood,6
streetfoodindia,4
mumbaistreetfood,3
delhifoodie,4
foodblogger,17
indianfoodie,4
desikhana,3
indianfoodblogger,5
indianfoodbloggers,6
delhifood,5
mumbai,3
delhi,5
nagpur,1
nadda,1
ShriRam,1
Ayodhya,1
trending,1
breakfast,4
breakfastinbed,1
amarsirohi,1
delhifoodbloggers,2
delhibloggers,1
staycation,1
aahma,1
hotelstay,1
staycations,1
foodbloggers,2
lifestyleblogger,1
delhiblogger,1
mumbaiblogger,1
kolkatablogger,1
bangaloreblogger,1
paratha,1
nainital,1
nainitalblogger,1
hotelblogger,1
indianhotels,1
delhihotels,1
CAP,1
Smart,1
WorldStreetByOmaxe,1
WorldStreetFaridabad,1
WorldStreet,1
LetsChillOut,1
LetsChillOutAtWS,1
faridabad,1
Foodieincarnate,1
dalmoth,1
farsan,1
viralvideos,1
desifood,2
snack,1
samosa,1
chole,2
covid,1
foodcoma,2
chaat,2
food,12
instagood,12
indiancuisine,1
yummy,11
delish,1
nomnom,1
spicyfood,1
instabreakfast,1
lucknow,1
gujaratifood,1
a,1
dilsefoodie,10
dilsecouple,9
chatpati_shikha,1
indiapictures,1
storiesofindia,1
manmeetbindrafilms,1
instagram,11
dubai,1
resturant,1
experience,1
yum,1
lebanese,1
AmritsariKulcha,1
Cholebhature,1
ðŸ™Œ,1
chicken,1
NewInTown,2
newintown,1
gulatirestaurant,1
butterchicken,1
biryani,1
iconic,1
famous,1
mughlai,1
hyderabadi,1
northindian,1
foodtalk,9
fti,10
foodies,10
foodiesofindia,9
foodfeed,10
delicious,10
instafood,10
Astrologer,1
Vashikaran,1
Solution,1
friedchicken,1
chickenpopcorn,1
koreanchicken,1
buffalowings,1
restaurants,2
FTIFinds,2
bakery,2
pastries,1
danish,1
puffs,1
artisanal,1
handcrafted,1
brioche,1
homegrown,1
tea,1
monsoon,2
ayurvedic,1
chamomiletea,1
CaffeineCleansewithClive,1
savorworksroasters,1
coffee,2
chocolate,1
organic,1
vegan,1
discover,2
cafe,1
bombaycuisine,1
reelitfeelit,2
instareels,1
foodreels,1
hotdog,1
icecream,2
horoscope,1
zodiacsigns,1
goa,1
instagramworthy,1
cafes,1
eateries,1
WorldClassIndia,1
MakeItWorldClass,1
AGlassOfWorldClass,1
cocktail,1
worldclass,1
festival,1
chefs,1
drinks,1
instadrinks,1
drinkresponsibly,1
new,1
korean,1
ramyun,1
authentic,1
foodcollabs,3
breakfastcereal,1
kaws,1
foodnews,3
spicy,2
shakeshack,1
flybyjing,1
guacamole,1
guac,1
avocado,1
handmade,1
westchestercounty,1
newyork,1
heinz,1
ketchup,1
frenchfries,1
sweet,1
maplesyrup,1
popcorn,1
movies,1
summer,2
HaloTopBirthdayHat,1
Contest,1
guava,1
weekend,1
coldstone,1
coldstonecreamery,1
gulabjamun,1
bewafaikargaya,3
bpraak,4
lekh,4
whitehillmusic,4
bhutta,1
challi,1
uddgaya,1
cook,1
cooking,1
eat,1
foodblog,1
foodforfoodies,1
foodforthought,1
foodism,1
foodlove,1
foodlovers,1
foodnetwork,1
foodofinstagram,1
foodoftheday,1
foodphoto,1
foodpic,1
foodpics,1
foodpost,1
foods,1
kachori,1
loveit,1
cholebhature,1
bhature,1
yummyinmytummy,1
reelindia,1
veganfood,1
indianfoods,1
reelsvideo,1
indianblogger,1
localfood,1
